,loss,mean_square_error,mean_absolute_error
0,0.10378707945346832,0.10378707945346832,0.18956464529037476
1,0.11111816763877869,0.11111816763877869,0.19129608571529388
2,0.2870904803276062,0.2870904803276062,0.35917404294013977
Mean,0.16733190913995108,0.16733190913995108,0.24667825798193613
Standard Deviation,0.07338263671733489,0.07338263671733489,0.06889203762594069
