,loss,mean_square_error,mean_absolute_error
0,0.12967021763324738,0.12967021763324738,0.23448757827281952
1,0.19011452794075012,0.19011452794075012,0.24649660289287567
2,0.1259634643793106,0.1259634643793106,0.23239748179912567
Mean,0.1485827366511027,0.1485827366511027,0.23779388765494028
Standard Deviation,0.025466667142723227,0.025466667142723227,0.005380291126034976
